variant,regime,metric,n,paired_delta,ci_low,ci_high,direction,interpretation_valid,invalid_reason
balanced,near_contact,min_clearance_m_min,8,0.0,0.0,0.0,higher_is_better,False,v48.28 bucket alias bug: gamma_rec=0 and contact provenance prefix not recognized
balanced,near_contact,ttc_s_min,8,0.012912683430178123,0.0,0.03873805029053437,higher_is_better,False,v48.28 bucket alias bug: gamma_rec=0 and contact provenance prefix not recognized
balanced,near_contact,near_contact_exposure_duration_s,8,0.0,0.0,0.0,lower_is_better,False,v48.28 bucket alias bug: gamma_rec=0 and contact provenance prefix not recognized
balanced,near_contact,critical_ttc_exposure_duration_s,8,0.0,0.0,0.0,lower_is_better,False,v48.28 bucket alias bug: gamma_rec=0 and contact provenance prefix not recognized
balanced,near_contact,clearance_deficit_auc_m_s,8,-0.011719865397908924,-0.03515959619372677,0.0,lower_is_better,False,v48.28 bucket alias bug: gamma_rec=0 and contact provenance prefix not recognized
balanced,near_contact,ttc_deficit_auc_s2,8,-0.008818695660597564,-0.026456086981792692,0.0,lower_is_better,False,v48.28 bucket alias bug: gamma_rec=0 and contact provenance prefix not recognized
balanced,near_contact,intervention_rate,8,0.041666666666666664,0.0,0.125,lower_is_better,False,v48.28 bucket alias bug: gamma_rec=0 and contact provenance prefix not recognized
balanced,near_contact,closed_loop_bounded_NUP,8,-0.01950345503943955,-0.058510365118318655,0.0,higher_is_better,False,v48.28 bucket alias bug: gamma_rec=0 and contact provenance prefix not recognized
balanced,contact,closed_loop_FRA_exec,8,-0.020833333333333336,-0.0625,0.0,lower_is_better,False,v48.28 bucket alias bug: gamma_rec=0 and contact provenance prefix not recognized
balanced,contact,closed_loop_DRS,8,0.02083333333333333,0.0,0.062499999999999986,higher_is_better,False,v48.28 bucket alias bug: gamma_rec=0 and contact provenance prefix not recognized
balanced,contact,closed_loop_post_contact_deployability,8,0.010695397696527068,0.0,0.0320861930895812,higher_is_better,False,v48.28 bucket alias bug: gamma_rec=0 and contact provenance prefix not recognized
balanced,contact,recontact_scene_rate,,,,,,False,v48.28 bucket alias bug: gamma_rec=0 and contact provenance prefix not recognized
balanced,contact,overlap_duration_s,8,0.0,0.0,0.0,lower_is_better,False,v48.28 bucket alias bug: gamma_rec=0 and contact provenance prefix not recognized
balanced,contact,post_contact_free_space_auc_normalized_m,,,,,,False,v48.28 bucket alias bug: gamma_rec=0 and contact provenance prefix not recognized
balanced,contact,post_contact_escape_scene_rate,,,,,,False,v48.28 bucket alias bug: gamma_rec=0 and contact provenance prefix not recognized
balanced,contact,new_stable_stop_quality_scene_rate,,,,,,False,v48.28 bucket alias bug: gamma_rec=0 and contact provenance prefix not recognized
balanced,contact,intervention_rate,8,0.010416666666666666,0.0,0.03125,lower_is_better,False,v48.28 bucket alias bug: gamma_rec=0 and contact provenance prefix not recognized
balanced,contact,closed_loop_bounded_NUP,8,-0.004522550999456046,-0.013567652998368138,0.0,higher_is_better,False,v48.28 bucket alias bug: gamma_rec=0 and contact provenance prefix not recognized
precision,near_contact,min_clearance_m_min,8,0.0,0.0,0.0,higher_is_better,False,v48.28 bucket alias bug: gamma_rec=0 and contact provenance prefix not recognized
precision,near_contact,ttc_s_min,8,0.007831407953229494,0.0,0.02349422385968848,higher_is_better,False,v48.28 bucket alias bug: gamma_rec=0 and contact provenance prefix not recognized
precision,near_contact,near_contact_exposure_duration_s,8,0.0,0.0,0.0,lower_is_better,False,v48.28 bucket alias bug: gamma_rec=0 and contact provenance prefix not recognized
precision,near_contact,critical_ttc_exposure_duration_s,8,0.0,0.0,0.0,lower_is_better,False,v48.28 bucket alias bug: gamma_rec=0 and contact provenance prefix not recognized
precision,near_contact,clearance_deficit_auc_m_s,8,-0.011719865397908924,-0.03515959619372677,0.0,lower_is_better,False,v48.28 bucket alias bug: gamma_rec=0 and contact provenance prefix not recognized
precision,near_contact,ttc_deficit_auc_s2,8,-0.0066995459414727065,-0.02009863782441812,0.0,lower_is_better,False,v48.28 bucket alias bug: gamma_rec=0 and contact provenance prefix not recognized
precision,near_contact,intervention_rate,8,0.015625,0.0,0.046875,lower_is_better,False,v48.28 bucket alias bug: gamma_rec=0 and contact provenance prefix not recognized
precision,near_contact,closed_loop_bounded_NUP,8,-0.00708231492097372,-0.02124694476292116,0.0,higher_is_better,False,v48.28 bucket alias bug: gamma_rec=0 and contact provenance prefix not recognized
precision,contact,closed_loop_FRA_exec,8,-0.020833333333333336,-0.0625,0.0,lower_is_better,False,v48.28 bucket alias bug: gamma_rec=0 and contact provenance prefix not recognized
precision,contact,closed_loop_DRS,8,-0.04166666666666667,-0.125,0.0,higher_is_better,False,v48.28 bucket alias bug: gamma_rec=0 and contact provenance prefix not recognized
precision,contact,closed_loop_post_contact_deployability,8,-0.02526221844015246,-0.07535765564614727,0.0,higher_is_better,False,v48.28 bucket alias bug: gamma_rec=0 and contact provenance prefix not recognized
precision,contact,recontact_scene_rate,,,,,,False,v48.28 bucket alias bug: gamma_rec=0 and contact provenance prefix not recognized
precision,contact,overlap_duration_s,8,0.0,0.0,0.0,lower_is_better,False,v48.28 bucket alias bug: gamma_rec=0 and contact provenance prefix not recognized
precision,contact,post_contact_free_space_auc_normalized_m,,,,,,False,v48.28 bucket alias bug: gamma_rec=0 and contact provenance prefix not recognized
precision,contact,post_contact_escape_scene_rate,,,,,,False,v48.28 bucket alias bug: gamma_rec=0 and contact provenance prefix not recognized
precision,contact,new_stable_stop_quality_scene_rate,,,,,,False,v48.28 bucket alias bug: gamma_rec=0 and contact provenance prefix not recognized
precision,contact,intervention_rate,8,0.026041666666666664,0.0,0.06249999999999999,lower_is_better,False,v48.28 bucket alias bug: gamma_rec=0 and contact provenance prefix not recognized
precision,contact,closed_loop_bounded_NUP,8,-0.015835551164414333,-0.03752307476332001,0.0,higher_is_better,False,v48.28 bucket alias bug: gamma_rec=0 and contact provenance prefix not recognized
