issue,evidence,risk,status,v48.35_action
mixed_version_snapshot,Code package contains v48.34/v48.34.1/v50.x artifacts,Can attribute an executed result to the wrong implementation,fixed_for_delivery,v48.35 has its own versioned controller/contracts; report records provenance
separate_regime_rules,Near and Contact used separate frozen fitted rules,Creates a policy fork and weakens unified-method novelty,fixed,one pooled shared rule; strata are audit-only
fake_exact_metric,proposal_exact_eligible used fixed diagnostic thresholds,Diagnostics could disagree with deployed selector,fixed,proposal_deployed_rule metrics use actual frozen rule; old names deprecated aliases
boundary_rule_mismatch,Train continuation used 0.65/0.30 while deployment rule was fitted elsewhere,Hard-boundary ablation can appear ineffective for semantic reasons,fixed,"semantic training boundary is registered and final rule domain constrained to opp>=.5,harm<=.5,score>=0"
compensatory_barrier,Soft barrier still allowed benefit/residual to offset safety deterioration,Higher coverage produced more harmful actions,fixed_in_main,non-compensatory smooth cap by worst component
underidentified_action_context,Compact evidence bridge lacked executable candidate-relative prefix physics,Contact ranking near random and scene shortcuts dominate,fixed_in_main,physical_relative candidate-minus-nominal context excluding scene/audit shortcuts
rc3_to_rc30,Development fitter RC=3 was rejected by controller,Valid algorithm rejection could be mislabeled engineering failure,fixed,RC 0/3 accepted in dev extraction; only artifact/protocol errors become RC30
stale_post_gate_scripts,Generated commands referenced missing/old scripts,RC0 path could fail or bypass v48.35 authorization,fixed,v48.35 Safe/stress wrappers verify completion and shared-rule SHA
incomplete_historical_release,Tests reference historical scripts absent from uploaded ZIP,Full historical pytest cannot be interpreted as current regression,documented,supported release matrix passes; missing historical assets not fabricated
